{
  "totalMetadata": 5,
  "metadataType": "HIERARCHY",
  "metadata": [
    {
      "id": 1,
      "name": "HL Library",
      "nodePath": "HL Library"
    },
    {
      "id": 2,
      "name": "Health Professional",
      "nodePath": "HL Library \ Health Professional"
    },
    {
      "id": 3,
      "name": "medicine",
      "nodePath": "HL Library \ Health Professional \ medicine"
    },
    {
      "id": 5,
      "name": "surgery",
      "nodePath": "HL Library \ Health Professional \ medicine \ surgery"
    },
    {
      "id": 2,
      "name": "Medical education",
      "nodePath": "HL Library \ Medical education"
    },
    {
      "id": 3,
      "name": "ENT",
      "nodePath": "HL Library \ Medical education \ ENT"
    },
    {
      "id": 4,
      "name": "surgery",
      "nodePath": "HL Library \ Medical education \ ENT \ surgery"
    },
    {
      "id": 6,
      "name": "Nursing",
      "nodePath": "HL Library \ Nursing"
    },
    {
      "id": 8,
      "name": "Diabetic",
      "nodePath": "HL Library \ Nursing \ Diabetic"
    },
    {
      "id": 9,
      "name": "surgery",
      "nodePath": "HL Library \ Nursing \ Diabetic \ surgery"
    }
  ]
}