<?xml version="1.0" encoding="utf-8" ?>
<publisher-upload-manifest>
<asset filename="allQuestions.xml" filepath = "C:\Subbu\VBA_Search\Question_bank\deliveryfile\allQuestions.xml" type="Extensible Markup Language" />
<asset filename="config.ini" filepath = "C:\Subbu\VBA_Search\Question_bank\deliveryfile\config.ini" type="Configuration Settings" />
<asset filename="NewMacros.bas" filepath = "C:\Subbu\VBA_Search\Question_bank\deliveryfile\NewMacros.bas" type="Visual Basic Module" />
<asset filename="Question_bank.docm" filepath = "C:\Subbu\VBA_Search\Question_bank\deliveryfile\Question_bank.docm" type="Microsoft Word Macro-Enabled Document" />
<asset filename="Question_bank.docm--" filepath = "C:\Subbu\VBA_Search\Question_bank\deliveryfile\Question_bank.docm--" type="DOCM-- File" />
<asset filename="Question_bank.zip" filepath = "C:\Subbu\VBA_Search\Question_bank\deliveryfile\Question_bank.zip" type="ZIP Archive" />
<asset filename="Question_bank1.docm" filepath = "C:\Subbu\VBA_Search\Question_bank\deliveryfile\Question_bank1.docm" type="Microsoft Word Macro-Enabled Document" />
<asset filename="Question_bank2.docm" filepath = "C:\Subbu\VBA_Search\Question_bank\deliveryfile\Question_bank2.docm" type="Microsoft Word Macro-Enabled Document" />
<asset filename="Question_bank3.docm" filepath = "C:\Subbu\VBA_Search\Question_bank\deliveryfile\Question_bank3.docm" type="Microsoft Word Macro-Enabled Document" />
<asset filename="unzip.txt" filepath = "C:\Subbu\VBA_Search\Question_bank\deliveryfile\unzip.txt" type="Text file" />
<asset filename="XML_Error_Log.txt" filepath = "C:\Subbu\VBA_Search\Question_bank\deliveryfile\XML_Error_Log.txt" type="Text file" />
</publisher-upload-manifest>
