<?xml version="1.0" encoding="utf-8" ?>
<publisher-upload-manifest>
<asset filename="allQuestions.xml" filepath = "C:\Subbu\VBA_Search\gitpull\VBA_Search\Question_bank\deliveryfile\allQuestions.xml" type="Extensible Markup Language" />
<asset filename="config.ini" filepath = "C:\Subbu\VBA_Search\gitpull\VBA_Search\Question_bank\deliveryfile\config.ini" type="Configuration Settings" />
<asset filename="Question_bank - Copy.docm" filepath = "C:\Subbu\VBA_Search\gitpull\VBA_Search\Question_bank\deliveryfile\Question_bank - Copy.docm" type="Microsoft Word Macro-Enabled Document" />
<asset filename="Question_bank.docm" filepath = "C:\Subbu\VBA_Search\gitpull\VBA_Search\Question_bank\deliveryfile\Question_bank.docm" type="Microsoft Word Macro-Enabled Document" />
<asset filename="unzip.txt" filepath = "C:\Subbu\VBA_Search\gitpull\VBA_Search\Question_bank\deliveryfile\unzip.txt" type="Text file" />
<asset filename="XML_Error_Log.txt" filepath = "C:\Subbu\VBA_Search\gitpull\VBA_Search\Question_bank\deliveryfile\XML_Error_Log.txt" type="Text file" />
<asset filename="a.jpg" filepath = "C:\Subbu\VBA_Search\gitpull\VBA_Search\Question_bank\deliveryfile\media\a.jpg" type="JPEG Image" />
<asset filename="Jellyfish.jpg" filepath = "C:\Subbu\VBA_Search\gitpull\VBA_Search\Question_bank\deliveryfile\media\Jellyfish.jpg" type="JPEG Image" />
</publisher-upload-manifest>
