<?xml version="1.0" encoding="UTF-8"?>
<wk_question_root mode="C">
    <wk_question identificationId="0" qtype="MC" qmode="C">
        <question_type ucx="C" >Multiple Choice</question_type>
        <question_title ucx="C">dafdsfs</question_title>
        <question_text ucx="C">dsafdsf</question_text>
        <question_multiple_choices qmcmode="C" tagtype="radioButton" >
            <question_choice ucx="C" refId="">
                <question_answer_text>dsafdsf</question_answer_text>
                <question_rationale>dsafdsf</question_rationale>
            </question_choice>
        </question_multiple_choices>
        <correct_answer>1</correct_answer>
        <question_score ucx="C">8</question_score>
        <question_difficulty ucx="C" >8</question_difficulty>
        <question_correct_rationale ucx="C">dafdsfdsf</question_correct_rationale>
        <question_incorrect_rationale ucx="C">dsafdsfs</question_incorrect_rationale>
<question_remediation_link qrlmode="C"></question_remediation_link>
<question_meta_tag qmtmode="C"> <meta_tag ucx="C" metaTagId="149"  metadataId="465">
 <meta_tag_type>LOOKUP</meta_tag_type>
<meta_tag_value>Medical Education</meta_tag_value>
<meta_tag_path>Medical Education</meta_tag_path>
</meta_tag> <meta_tag ucx="C" metaTagId="128"  metadataId="92">
 <meta_tag_type>LOOKUP</meta_tag_type>
<meta_tag_value>medlab lookup3</meta_tag_value>
<meta_tag_path>medlab lookup3</meta_tag_path>
</meta_tag></question_meta_tag>
    </wk_question>
</wk_question_root>

