<?xml version="1.0" encoding="UTF-8"?>
<wk_question_root mode="C">
    <wk_question identificationId="0" qtype="CM" qmode="C">
        <question_type ucx="C" >Choice Multiple</question_type>
        <question_title ucx="C">dsafsfd</question_title>
        <question_text ucx="C">dsafdsfd</question_text>
        <question_choices_multiple qmcmode="C" tagtype="checkBox" >
            <question_choice ucx="C" refId="">
                <question_answer_text>sdafdsfds</question_answer_text>
                <question_rationale>sdafdsf</question_rationale>
            </question_choice>
        </question_choices_multiple>
        <correct_answer></correct_answer>
        <question_score ucx="C">4</question_score>
        <question_difficulty ucx="C" >5</question_difficulty>
        <question_correct_rationale ucx="C">afdfdsf</question_correct_rationale>
        <question_incorrect_rationale ucx="C">dsafdsfs</question_incorrect_rationale>
<question_remediation_link qrlmode="C"><remediation_type ucx="C" redLinkId="1" remediation_link_type="EBook"><remediation_type_text>dsafdsfsdf</remediation_type_text></remediation_type></question_remediation_link>
<question_meta_tag qmtmode="C"> <meta_tag ucx="C" metaTagId="127"  metadataId="92">
 <meta_tag_type>Look Up</meta_tag_type>
<meta_tag_value>medlab lookup2</meta_tag_value>
<meta_tag_path>medlab lookup2</meta_tag_path>
</meta_tag> <meta_tag ucx="C" metaTagId="128"  metadataId="92">
 <meta_tag_type>Look Up</meta_tag_type>
<meta_tag_value>medlab lookup3</meta_tag_value>
<meta_tag_path>medlab lookup3</meta_tag_path>
</meta_tag> <meta_tag ucx="C" metaTagId="149"  metadataId="465">
 <meta_tag_type>Hierarchy</meta_tag_type>
<meta_tag_value>Medical Education</meta_tag_value>
<meta_tag_path>Medical Education</meta_tag_path>
</meta_tag></question_meta_tag>
    </wk_question>
</wk_question_root>

