<?xml version="1.0" encoding="utf-8" ?>
<publisher-upload-manifest>
<asset filename="allQuestions.xml" filepath = "C:\Subbu\VBA_Search\Question_bank\allQuestions.xml" type="Extensible Markup Language" />
<asset filename="allQuestionsXSD.xml" filepath = "C:\Subbu\VBA_Search\Question_bank\allQuestionsXSD.xml" type="Extensible Markup Language" />
<asset filename="config.ini" filepath = "C:\Subbu\VBA_Search\Question_bank\config.ini" type="Configuration Settings" />
<asset filename="Dictionary.cls" filepath = "C:\Subbu\VBA_Search\Question_bank\Dictionary.cls" type="LaTeX Style File" />
<asset filename="JSONParser.bas" filepath = "C:\Subbu\VBA_Search\Question_bank\JSONParser.bas" type="Visual Basic Module" />
<asset filename="NewMacros.bas" filepath = "C:\Subbu\VBA_Search\Question_bank\NewMacros.bas" type="Visual Basic Module" />
<asset filename="Question_bank (3).docm" filepath = "C:\Subbu\VBA_Search\Question_bank\Question_bank (3).docm" type="Microsoft Word Macro-Enabled Document" />
<asset filename="Question_bank 1.docm" filepath = "C:\Subbu\VBA_Search\Question_bank\Question_bank 1.docm" type="Microsoft Word Macro-Enabled Document" />
<asset filename="Question_bank--.docm" filepath = "C:\Subbu\VBA_Search\Question_bank\Question_bank--.docm" type="Microsoft Word Macro-Enabled Document" />
<asset filename="Question_bank.docm" filepath = "C:\Subbu\VBA_Search\Question_bank\Question_bank.docm" type="Microsoft Word Macro-Enabled Document" />
<asset filename="Question_bank1.docm" filepath = "C:\Subbu\VBA_Search\Question_bank\Question_bank1.docm" type="Microsoft Word Macro-Enabled Document" />
<asset filename="Question_bank_final.docm" filepath = "C:\Subbu\VBA_Search\Question_bank\Question_bank_final.docm" type="Microsoft Word Macro-Enabled Document" />
<asset filename="test.bat1" filepath = "C:\Subbu\VBA_Search\Question_bank\test.bat1" type="BAT1 File" />
<asset filename="unzip.txt" filepath = "C:\Subbu\VBA_Search\Question_bank\unzip.txt" type="Text file" />
<asset filename="XML_Error_Log.txt" filepath = "C:\Subbu\VBA_Search\Question_bank\XML_Error_Log.txt" type="Text file" />
<asset filename="zip.txt" filepath = "C:\Subbu\VBA_Search\Question_bank\zip.txt" type="Text file" />
<asset filename="CD562117006a.jpg" filepath = "C:\Subbu\VBA_Search\Question_bank\media\CD562117006a.jpg" type="JPEG Image" />
<asset filename="CIMG1942.JPG" filepath = "C:\Subbu\VBA_Search\Question_bank\media\CIMG1942.JPG" type="JPEG Image" />
<asset filename="CIMG1946.JPG" filepath = "C:\Subbu\VBA_Search\Question_bank\media\CIMG1946.JPG" type="JPEG Image" />
<asset filename="MAH00308_Echoic.MP4" filepath = "C:\Subbu\VBA_Search\Question_bank\media\MAH00308_Echoic.MP4" type="MP4 Video" />
<asset filename="QBF10208-003-001.jpg" filepath = "C:\Subbu\VBA_Search\Question_bank\media\QBF10208-003-001.jpg" type="JPEG Image" />
<asset filename="QBF10208-010-001.jpg" filepath = "C:\Subbu\VBA_Search\Question_bank\media\QBF10208-010-001.jpg" type="JPEG Image" />
<asset filename="QBF10208-014-001.jpg" filepath = "C:\Subbu\VBA_Search\Question_bank\media\QBF10208-014-001.jpg" type="JPEG Image" />
</publisher-upload-manifest>
