<?xml version="1.0" encoding="UTF-8"?>
<wk_question_root mode="C">
    <wk_question identificationId="0" qtype="II" qmode="C">
        <question_type ucx="C" >Image Integration</question_type>
        <question_title ucx="C">dafdsfs</question_title>
        <question_text ucx="C">dsafdf</question_text>
        <question_image_integration qmcmode="C" tagtype="radioButton" >
            <question_choice ucx="C" refId="">
                <question_answer_text>dasfdsfs</question_answer_text>
                <question_rationale>dsafdsf</question_rationale>
            </question_choice>
        </question_image_integration>
        <correct_answer>1</correct_answer>
        <question_additional_fields uck="C" referencevalue="" mediaType="image">
            <question_additional_file_path>media\123.jpg</question_additional_file_path>
        </question_additional_fields>
        <question_score ucx="C">3</question_score>
        <question_difficulty ucx="C" >3</question_difficulty>
        <question_correct_rationale ucx="C">adfdsf</question_correct_rationale>
        <question_incorrect_rationale ucx="C">dasfdsf</question_incorrect_rationale>
<question_remediation_link qrlmode="C"><remediation_type ucx="C" redLinkId="1" remediation_link_type="Web Link"><remediation_type_text>sdafdf</remediation_type_text><remediation_type_link>adfdsf</remediation_type_link><remediation_type_tooltip></remediation_type_tooltip></remediation_type></question_remediation_link>
<question_meta_tag qmtmode="C"> <meta_tag ucx="C" metaTagId="127"  metadataId="92">
 <meta_tag_type>LOOKUP</meta_tag_type>
<meta_tag_value>medlab lookup2</meta_tag_value>
<meta_tag_path>medlab lookup2</meta_tag_path>
</meta_tag> <meta_tag ucx="C" metaTagId="128"  metadataId="92">
 <meta_tag_type>LOOKUP</meta_tag_type>
<meta_tag_value>medlab lookup3</meta_tag_value>
<meta_tag_path>medlab lookup3</meta_tag_path>
</meta_tag></question_meta_tag>
    </wk_question>
</wk_question_root>

